video_id,channel_title,channel_id,video_publish_date,program,program_date,video_title,video_description,video_view_count,video_comment_count,video_like_count,video_dislike_count,video_tags
yPgMc7mA6yw,Willax Televisión,UCort3mldTtMErPqprSlSfng,2020-10-07,Milagros Leiva Entrevista,OCT 06,Ernesto Bustamante anuncia participación en lista congresal de Fuerza Popular,"Por naturaleza y convicción, Willax Televisión es un medio de comunicación que promueve, alienta y defiende una prensa libre y democrática para el Perú. Transmite valores y cree que el periodismo puede ser un oficio responsable, independiente y entretenido. 
",636,3,19,0,willax|willaxtv|televisión|tv|television|peru|perú|vivo|canal|movistar|claro|best|cable|bestcable|hd|digital|video
9NKE9OQ9BTk,PBO,UCgR0st4ZLABi-LQcWNu3wnQ,2020-10-24,PBO MEDIODÍA ,OCT 24,Exjefe del INS Ernesto Bustamante sobre la segunda ola COVID 19 y FUERZA POPULAR y KEIKO FUJIMORI,Exjefe del #INS #ErnestoBustamante sobre la segunda ola #COVID19 y #FuerzaPopular,7266,22,310,0,
jcSbPDRAvEc,Willax Televisión,UCort3mldTtMErPqprSlSfng,2020-10-29,Combutters,OCT 28,Segunda ola llegó a europa -  3/4 | Willax,"La carrera por encontrar una vacuna que cure o evite  los contagios de Covid 19 sigue a paso raudo. A países como China, Rusia y el Reino Unido se han sumado otras naciones que empiezan a desarrollar sus propias medicinas. Es el caso de España que a través de la compañía RUTI Immune, ya inició los trámites para iniciar ensayos clínicos en Argentina.

Por naturaleza y convicción, Willax Televisión es un medio de comunicación que promueve, alienta y defiende una prensa libre y democrática para el Perú. Transmite valores y cree que el periodismo puede ser un oficio responsable, independiente y entretenido.",4750,1,111,0,willax|willaxtv|televisión|tv|television|peru|perú|vivo|canal|movistar|claro|best|cable|bestcable|hd|digital|video|phillip butters|combutters|periodismo|entrevista|política|magazine|futbol|lapadula|vacuna|cura|tratamiento|segunda ola|covid
t5AsmlQtnpE,Willax Televisión,UCort3mldTtMErPqprSlSfng,2020-11-07,Beto a Saber,NOV 05,"Ernesto Bustamante: ""La propaganda de Vizcarra es de mal gusto""","Por naturaleza y convicción, Willax Televisión es un medio de comunicación que promueve, alienta y defiende una prensa libre y democrática para el Perú. Transmite valores y cree que el periodismo puede ser un oficio responsable, independiente y entretenido. 
",630,1,10,0,willax|willaxtv|televisión|tv|television|peru|perú|vivo|canal|movistar|claro|best|cable|bestcable|hd|digital|video
Jrfc01d6rKY,Willax Televisión,UCort3mldTtMErPqprSlSfng,2020-11-17,Combutters,NOV 16,Vacuna estadounidense pasa a la delantera - 4/4 | Willax,"Por naturaleza y convicción, Willax Televisión es un medio de comunicación que promueve, alienta y defiende una prensa libre y democrática para el Perú. Transmite valores y cree que el periodismo puede ser un oficio responsable, independiente y entretenido. 
",2090,7,41,0,willax|willaxtv|televisión|tv|television|peru|perú|vivo|canal|movistar|claro|best|cable|bestcable|hd|digital|video
duE2l__1D8M,Willax Televisión,UCort3mldTtMErPqprSlSfng,2020-12-03,Combutters,DIC 02,VACUNA: HAY LUZ AL FINAL DEL TÚNEL - 3/4 | Willax,"Buenas noticias en torno a la lucha contra el Covid llegan desde el Reino Unido.

Por naturaleza y convicción, Willax Televisión es un medio de comunicación que promueve, alienta y defiende una prensa libre y democrática para el Perú. Transmite valores y cree que el periodismo puede ser un oficio responsable, independiente y entretenido. 

",2340,11,60,0,willax|willaxtv|televisión|tv|television|peru|perú|vivo|canal|movistar|claro|best|cable|bestcable|hd|digital|video|phillip butters|combutters|periodismo|entrevista|política|magazzine|vacuna|uk|Inglaterra|oxforth|reina Isabel|covid|corona|virus|pandemia|Rusia|llego|aprobada|reino unido|Pfizer|BioNTech
x0aPFUoSxrU,Willax Televisión,UCort3mldTtMErPqprSlSfng,2020-12-15,Milagros Leiva Entrevista,DIC 14,"Milagros Leiva Entrevista-PALABRAS, PALABRAS, PALABRAS: EL CUENTO DE LAS VACUNAS - 1/4|Willax","Entrevista a Jaime Reusche del Comando Vacuna sobre la situación del país con respecto a la compra de las vacunas.

Por naturaleza y convicción, Willax Televisión es un medio de comunicación que promueve, alienta y defiende una prensa libre y democrática para el Perú. Transmite valores y cree que el periodismo puede ser un oficio responsable, independiente y entretenido. 
",10207,94,323,0,willax|willaxtv|televisión|tv|television|peru|perú|vivo|canal|movistar|claro|best|cable|bestcable|hd|digital|video
2CsbyAgqaow,Willax Televisión,UCort3mldTtMErPqprSlSfng,2020-12-15,Milagros Leiva Entrevista ,DIC 14,"""LA VACUNA NO ESTARÁ A LA VUELTA DE LA ESQUINA"" - 2/4 | Willax","Una entrevista con Abel Salinas, Ex-Ministro de Salud, sobre la situación de la Salud en el país y la situación con la vacuna en el Perú.

Por naturaleza y convicción, Willax Televisión es un medio de comunicación que promueve, alienta y defiende una prensa libre y democrática para el Perú. Transmite valores y cree que el periodismo puede ser un oficio responsable, independiente y entretenido. 
",10278,45,255,0,willax|willaxtv|televisión|tv|television|peru|perú|vivo|canal|movistar|claro|best|cable|bestcable|hd|digital|video
CXSq82B6iHg,Willax Televisión,UCort3mldTtMErPqprSlSfng,2020-12-15,Beto a Saber ,DIC 14,MIRA QUIÉN HABLA   - 2/3 | Willax,"Mijael Garrido Lecca, convesa con Beto sobre la situación nacional con respecto a la vacuna contra el Covid y una crítica aguda a la gestión de Martín Vizcarra, así como de su excompañera Sigrid Bazán, el diario Perú 21 y en general el papel que la prensa está jugando en esta situación.

Por naturaleza y convicción, Willax Televisión es un medio de comunicación que promueve, alienta y defiende una prensa libre y democrática para el Perú. Transmite valores y cree que el periodismo puede ser un oficio responsable, independiente y entretenido.",145626,901,2062,0,willax|willaxtv|televisión|tv|television|peru|perú|vivo|canal|movistar|claro|best|cable|bestcable|hd|digital|video
bSp_LNMLKUI,Willax Televisión,UCort3mldTtMErPqprSlSfng,2020-12-15,Combutters,DIC 14,LA `MECIDA´ DE LA VACUNA   - 1/4 | Willax,"El Gobierno empieza a cambiar la versión en cuanto a la llegada de las vacunas. Las promesas fueron ave de paso y la razón, según la premier, sería la crisis política.

Por naturaleza y convicción, Willax Televisión es un medio de comunicación que promueve, alienta y defiende una prensa libre y democrática para el Perú. Transmite valores y cree que el periodismo puede ser un oficio responsable, independiente y entretenido. 
",19823,106,606,0,willax|willaxtv|televisión|tv|television|peru|perú|vivo|canal|movistar|claro|best|cable|bestcable|hd|digital|video|phillip butters|combutters|periodismo|entrevista|política|magazzine|francisco sagasti|uci|vizcarra|zamora|cams uci|segunda ola|recrote|vacuna|violeta bermudez|promesas|trimestre|semestre|floro|mucho floro
mVzLv_JJYCs,Willax Televisión,UCort3mldTtMErPqprSlSfng,2020-12-16,Milagros Leiva Entrevista ,DIC 15,MÁS CERCA DE LA SEGUNDA OLA QUE DE LAS VACUNAS - 1/4 | Willax,"Un recordatorio del caos que nos ha dejado Martín Vizcarra y una entrevista con Ernesto Bustamante, exjefe del Instituto Nacional de Salud.

Por naturaleza y convicción, Willax Televisión es un medio de comunicación que promueve, alienta y defiende una prensa libre y democrática para el Perú. Transmite valores y cree que el periodismo puede ser un oficio responsable, independiente y entretenido. 
",8813,67,226,0,willax|willaxtv|televisión|tv|television|peru|perú|vivo|canal|movistar|claro|best|cable|bestcable|hd|digital|video
O3ILZH2O8R4,Willax Televisión,UCort3mldTtMErPqprSlSfng,2020-12-16,Milagros Leiva Entrevista ,DIC 15,"""EL MANEJO DE LA PANDEMIA HA SIDO CATASTRÓFICO"" - 2/4 | Willax","Entrevista con Ernesto Bustamante, exjefe del Instituto Nacional de Salud, hablando sobre la situación del país con respecto a la adquisición de la vacuna anticovid y el sistema de salud.

Por naturaleza y convicción, Willax Televisión es un medio de comunicación que promueve, alienta y defiende una prensa libre y democrática para el Perú. Transmite valores y cree que el periodismo puede ser un oficio responsable, independiente y entretenido. 
",8165,46,214,0,willax|willaxtv|televisión|tv|television|peru|perú|vivo|canal|movistar|claro|best|cable|bestcable|hd|digital|video
r9-UDWN_IVk,Willax Televisión,UCort3mldTtMErPqprSlSfng,2020-12-16,Combutters,DIC 15,VACUNA: LA CANCILLER NO ASUME NADA - 2/4 | Willax,"La canciller, Elizabeth Astete, no sabe, opina poco y no tiene nada concreto con respecto a la bendita vacuna que está muy lejana de nuestro país. 

Por naturaleza y convicción, Willax Televisión es un medio de comunicación que promueve, alienta y defiende una prensa libre y democrática para el Perú. Transmite valores y cree que el periodismo puede ser un oficio responsable, independiente y entretenido. 
",15230,74,439,0,willax|willaxtv|televisión|tv|television|peru|perú|vivo|canal|movistar|claro|best|cable|bestcable|hd|digital|video|phillip butters|combutters|periodismo|entrevista|política|magazzine|francisco sagasti|Sagasti|Premier|Ministra MIDIS|Canciller|vacuna|canciller|no asume|no hay|contratos|farmacéuticas|Elizabeth Astete
aMSgRzmWAvo,Willax Televisión,UCort3mldTtMErPqprSlSfng,2020-12-17,Milagros Leiva Entrevista ,DIC 16,"A FALTA DE VACUNAS, VUELVEN LAS RESTRICCIONES - 1/4 |Willax","El Perú sigue sin una vacuna a la vista y el presidente Sagasti recién se pronuncia. Así que Milagros se entrevista con Phillipe Watanabe, periodista de Brasil y José María del Pino, periodista de Chile, sobre la compra de la compras de la vacunas.

Por naturaleza y convicción, Willax Televisión es un medio de comunicación que promueve, alienta y defiende una prensa libre y democrática para el Perú. Transmite valores y cree que el periodismo puede ser un oficio responsable, independiente y entretenido. 
",10585,73,259,0,willax|willaxtv|televisión|tv|television|peru|perú|vivo|canal|movistar|claro|best|cable|bestcable|hd|digital|video
JytlDrMbBbU,Willax Televisión,UCort3mldTtMErPqprSlSfng,2020-12-18,Milagros Leiva Entrevista ,DIC 17,VIZCARRA Y LA VACUNA QUE NO LLEGARÁ - 1/4 | Willax,"El expresidente Vizcarra sigue defendiendo su gestión con respecto a las vacunas, mientras tanto los peruanos siguen sin una vacuna a la vista. Mientras tanto famosos troles son parte de la plancha congresal del partido morado.

Por naturaleza y convicción, Willax Televisión es un medio de comunicación que promueve, alienta y defiende una prensa libre y democrática para el Perú. Transmite valores y cree que el periodismo puede ser un oficio responsable, independiente y entretenido. 
",13422,141,344,0,willax|willaxtv|televisión|tv|television|peru|perú|vivo|canal|movistar|claro|best|cable|bestcable|hd|digital|video
7uVcIBXbDes,Willax Televisión,UCort3mldTtMErPqprSlSfng,2020-12-19,Milagros Leiva Entrevista ,DIC 18,LAS FALSAS PROMESAS DE PILAR MAZZETTI - 1/4 | Willax,"Mazzeti está en el ojo de la tormenta con respecto con a la compra de las vacunas. Entrevista a Mauricio Mulder hablan de la segunda ola del Covid-19 y lo que se vendría para los responsables de toda esta situación en la que continuamos sin una vacuna.

Por naturaleza y convicción, Willax Televisión es un medio de comunicación que promueve, alienta y defiende una prensa libre y democrática para el Perú. Transmite valores y cree que el periodismo puede ser un oficio responsable, independiente y entretenido.",16846,124,395,0,willax|willaxtv|televisión|tv|television|peru|perú|vivo|canal|movistar|claro|best|cable|bestcable|hd|digital|video
14L--NoZvyQ,Willax Televisión,UCort3mldTtMErPqprSlSfng,2020-12-19,Milagros Leiva Entrevista ,DIC 18,CHILE Y COLOMBIA YA TIENEN LA VACUNA -  2/4 | Willax,"En otros países de Sudamérica ya tienen las vacunas anticovid, países como Chile y Colombia, pero en el Perú Martín Vizcarra sigue defendiendo su posición.

Por naturaleza y convicción, Willax Televisión es un medio de comunicación que promueve, alienta y defiende una prensa libre y democrática para el Perú. Transmite valores y cree que el periodismo puede ser un oficio responsable, independiente y entretenido. 
",42140,429,873,0,willax|willaxtv|televisión|tv|television|peru|perú|vivo|canal|movistar|claro|best|cable|bestcable|hd|digital|video
AzBxkReFCo8,Willax Televisión,UCort3mldTtMErPqprSlSfng,2020-12-22,Milagros Leiva Entrevista ,DIC 21,ALARMA MUNDIAL POR NUEVA VARIANTE DEL CORONAVIRUS - 1/4 | Willax,"La situación del Perú frente a esta nueva variante del coronavirus y el Perú aún sin una vacuna a la vista, para ello se entrevista al Dr. Eduardo Gotuzzo y a Ragi Burhum.

Por naturaleza y convicción, Willax Televisión es un medio de comunicación que promueve, alienta y defiende una prensa libre y democrática para el Perú. Transmite valores y cree que el periodismo puede ser un oficio responsable, independiente y entretenido. 
",9806,56,189,0,willax|willaxtv|televisión|tv|television|peru|perú|vivo|canal|movistar|claro|best|cable|bestcable|hd|digital|video
3VEN1-v1_Sg,Willax Televisión,UCort3mldTtMErPqprSlSfng,2020-12-22,Combutters,DIC 21,QUÉ TAL ‘CARE PALO’ - 2/4 | Willax,"Tal parece que, por unanimidad, el premio a la ostra del año será para… Si, Martíncito Vizcarra que luego de no haber asegurado ninguna vacuna contra el Covid para el Perú. Ahora se echa grasa y culpa de su mala gestión, a su enemigo favorito: El Congreso.

Por naturaleza y convicción, Willax Televisión es un medio de comunicación que promueve, alienta y defiende una prensa libre y democrática para el Perú. Transmite valores y cree que el periodismo puede ser un oficio responsable, independiente y entretenido. 
",27340,144,622,0,willax|willaxtv|televisión|tv|television|peru|perú|vivo|canal|movistar|claro|best|cable|bestcable|hd|digital|video|phillip butters|combutters|periodismo|entrevista|política|magazzine|colegios|Vizcarra|vacuna|conchudo|care palo|no compró|Zamora|somos|somos peru|Salaverry|plancha presidencial|congreso|candidato|inmunidad|Daniel|luis Benavente
vPI39Ucwq5U,Willax Televisión,UCort3mldTtMErPqprSlSfng,2020-12-24,Milagros Leiva Entrevista ,DIC 23,¿EL APRA NUNCA MUERE? - 1/4 | Willax,"El partido aprista no ha logrado inscribir su partido en las elecciones del 2021. El MINSA confirma el millón de contagios por Covid-19, pero reportes de regiones señalan que ya estamos en los dos millones, para aclararnos el tema se entrevista al exjefe del Instituto Nacional de Salud, Ernesto Bustamante y al ex congresista Víctor Andrés García Belaunde.

Por naturaleza y convicción, Willax Televisión es un medio de comunicación que promueve, alienta y defiende una prensa libre y democrática para el Perú. Transmite valores y cree que el periodismo puede ser un oficio responsable, independiente y entretenido.",16315,131,290,0,willax|willaxtv|televisión|tv|television|peru|perú|vivo|canal|movistar|claro|best|cable|bestcable|hd|digital|video
Qz3txRjg3WI,Willax Televisión,UCort3mldTtMErPqprSlSfng,2020-12-29,Milagros Leiva Entrevista,DIC 28,Milagros Leiva Entrevista-¿QUIÉNES SON LOS RESPONSABLES DE QUE NO TENGAMOS VACUNA? - 4/4|Willax,"Javier Bedoya Denegri, abogado da luces sobre la situación del país y el panorama que se avizora a las elecciones del 2021.

Por naturaleza y convicción, Willax Televisión es un medio de comunicación que promueve, alienta y defiende una prensa libre y democrática para el Perú. Transmite valores y cree que el periodismo puede ser un oficio responsable, independiente y entretenido.",3586,9,90,0,willax|willaxtv|televisión|tv|television|peru|perú|vivo|canal|movistar|claro|best|cable|bestcable|hd|digital|video
Yy7Rwf2twTg,Willax Televisión,UCort3mldTtMErPqprSlSfng,2020-12-29,Beto a Saber ,DIC 28,¿ESTAMOS YA ANTE LA SEGUNDA OLA? - 2/3 | Willax,"Ernesto Bustamante, científico y Alejandro Aguinaga, excongrsista, nos dan sus observaciones sobre la situación de país con respecto a la segunda ola de covid 19.

Por naturaleza y convicción, Willax Televisión es un medio de comunicación que promueve, alienta y defiende una prensa libre y democrática para el Perú. Transmite valores y cree que el periodismo puede ser un oficio responsable, independiente y entretenido.",40812,194,918,0,willax|willaxtv|televisión|tv|television|peru|perú|vivo|canal|movistar|claro|best|cable|bestcable|hd|digital|video
nALBHh5uIpQ,Willax Televisión,UCort3mldTtMErPqprSlSfng,2020-12-30,Combutters,DIC 29,"VIZCARRA SOBRE VACUNA: ""SE PAGÓ"" - 1/4 | Willax","Ante tanto cuestionamiento por qué nuestro país no tiene vacuna contra el Covid. Martín Vizcarra se volvió a defender. El expresidente aseguró que su gobierno si dio un adelanto de dinero al Fondo de Acceso Global para Vacunas Covid-19, Covax Facility.

Por naturaleza y convicción, Willax Televisión es un medio de comunicación que promueve, alienta y defiende una prensa libre y democrática para el Perú. Transmite valores y cree que el periodismo puede ser un oficio responsable, independiente y entretenido.",23262,172,567,0,willax|willaxtv|televisión|tv|television|peru|perú|vivo|canal|movistar|claro|best|cable|bestcable|hd|digital|video|phillip butters|combutters|periodismo|entrevista|política|magazzine|vacuna|Vizcarra|pago|no se pago|culpable|Salaverry
_e8pgwTUVCA,Willax Televisión,UCort3mldTtMErPqprSlSfng,2021-01-05,Milagros Leiva Entrevista ,ENE 04,"PRESIDENTE SAGASTI,¿CUÁNDO LLEGARÁN LAS VACUNAS? - 1/4 | Willax","El expresidente Martín Vizcarra sigue insistiendo con su versión de por qué en el Perú no hay una vacuna. En tanto a eso ¿Qué hace el presidente Sagasti? Para comentar sobre ello viene el exministro de salud Luis Solari.

Por naturaleza y convicción, Willax Televisión es un medio de comunicación que promueve, alienta y defiende una prensa libre y democrática para el Perú. Transmite valores y cree que el periodismo puede ser un oficio responsable, independiente y entretenido. 
",9895,80,193,0,willax|willaxtv|televisión|tv|television|peru|perú|vivo|canal|movistar|claro|best|cable|bestcable|hd|digital|video
SB-WM1IPQ20,Willax Televisión,UCort3mldTtMErPqprSlSfng,2021-01-06,Milagros Leiva Entrevista,ENE05,"Milagros Leiva Entrevista-MAZZETTI: ""ENCONTRAR AL CULPABLE ES EL DEPORTE NACIONAL” - 1/4|Willax","La ministra Mazzetti sigue justificando el hecho que el Perú aún no hay comprado la vacuna anticovid.

Por naturaleza y convicción, Willax Televisión es un medio de comunicación que promueve, alienta y defiende una prensa libre y democrática para el Perú. Transmite valores y cree que el periodismo puede ser un oficio responsable, independiente y entretenido. 
",7826,77,160,0,willax|willaxtv|televisión|tv|television|peru|perú|vivo|canal|movistar|claro|best|cable|bestcable|hd|digital|video
ZaCdews-G1c,Willax Televisión,UCort3mldTtMErPqprSlSfng,2021-01-07,Milagros Leiva Entrevista ,ENE 06,LA PRIMERA BUENA NUEVA DEL 2021 - 1/4 | Willax,"El presidente Sagasti anunció que la compra de las vacunas de Sinopharm como las primeras que llegarían al país, con respecto a dicho tema Jaime Reusche es entrevista en este programa.

Por naturaleza y convicción, Willax Televisión es un medio de comunicación que promueve, alienta y defiende una prensa libre y democrática para el Perú. Transmite valores y cree que el periodismo puede ser un oficio responsable, independiente y entretenido. 
",8456,55,134,0,willax|willaxtv|televisión|tv|television|peru|perú|vivo|canal|movistar|claro|best|cable|bestcable|hd|digital|video
ROXuzoI_Tuo,Willax Televisión,UCort3mldTtMErPqprSlSfng,2021-01-07,Beto a Saber ,ENE 06,LA GRAN HAZAÑA DE SAGASTI - 1/3 | Willax,"Con la llegada de la segunda ola del Covid - 19, el presidente Sagasti anunció la compra de vacunas de Sinopharm. El expresidente Martín Vizcarra declaró que es gracias a su gestión que ahora se pudo comprar las vacunas. Así también una entrevistas con Daniel Abugattás.

Por naturaleza y convicción, Willax Televisión es un medio de comunicación que promueve, alienta y defiende una prensa libre y democrática para el Perú. Transmite valores y cree que el periodismo puede ser un oficio responsable, independiente y entretenido.",99112,804,1727,0,willax|willaxtv|televisión|tv|television|peru|perú|vivo|canal|movistar|claro|best|cable|bestcable|hd|digital|video
Ur9u-k-rvcM,Willax Televisión,UCort3mldTtMErPqprSlSfng,2021-01-09,Beto a Saber ,ENE 08,LLEGÓ EL VIRUS INGLÉS - 1/3 | Willax,"La ministra Pilar Mazzeti confirma el primer caso de la variante británica en el Perú, para comentar sobre el tema nos visita el doctor Tomás Borda y Ernesto Bustamante, científico.

Por naturaleza y convicción, Willax Televisión es un medio de comunicación que promueve, alienta y defiende una prensa libre y democrática para el Perú. Transmite valores y cree que el periodismo puede ser un oficio responsable, independiente y entretenido. 
",86458,507,1621,0,willax|willaxtv|televisión|tv|television|peru|perú|vivo|canal|movistar|claro|best|cable|bestcable|hd|digital|video
1t-d969W0Rg,Willax Televisión,UCort3mldTtMErPqprSlSfng,2021-01-12,Combutters,ENE 11,LA VACUNA QUE ESCOGEN LOS POLÍTICOS - 1/4 | Willax,"Los principales dignatarios y políticos del mundo empiezan a recibir las dosis de la vacuna contra la Covid-19. Y, al parecer, tienen preferencias por un laboratorio en específico: Pfizer - BioNTech, que producirá 2,000 millones de su vacuna para finales de este año y que tiene una eficacia del 95%.

Por naturaleza y convicción, Willax Televisión es un medio de comunicación que promueve, alienta y defiende una prensa libre y democrática para el Perú. Transmite valores y cree que el periodismo puede ser un oficio responsable, independiente y entretenido.",15450,58,368,0,willax|willaxtv|televisión|tv|television|peru|perú|vivo|canal|movistar|claro|best|cable|bestcable|hd|digital|video|phillip butters|combutters|periodismo|entrevista|política|magazzine|vacuna|Vizcarra|pago|no se pago|culpable|Salaverry|covid|camas uci|uci|internados|mazzetti|segunda ola|congreso|huelga médica|Godofredo talavera
-OgtT4dlXxs,Willax Televisión,UCort3mldTtMErPqprSlSfng,2021-01-13,Beto a Saber ,ENE 12,VACUNA COVID-19 NO PODRÁ SER COMERCIALIZADA POR PRIVADOS  - 2/3 | Willax,"La ministra Mazzetti niega que la vacuna pueda ser distribuida por entidades privadas. También el analista político, Ángel Delgado nos comenta sobre el partido morado.

Por naturaleza y convicción, Willax Televisión es un medio de comunicación que promueve, alienta y defiende una prensa libre y democrática para el Perú. Transmite valores y cree que el periodismo puede ser un oficio responsable, independiente y entretenido. 
",31325,118,674,0,willax|willaxtv|televisión|tv|television|peru|perú|vivo|canal|movistar|claro|best|cable|bestcable|hd|digital|video
leZJSnMzDb8,Willax Televisión,UCort3mldTtMErPqprSlSfng,2021-01-13,Combutters,ENE 12,GOBIERNO ADMITE SEGUNDA OLA  - 1/4 | Willax,"La vacuna sigue siendo un drama para el país. Y es que, el ministro de Economía, Waldo Mendoza, dijo esta mañana que, todavía no se tiene la certeza de cuándo estará llegando el primer lote con el millón de dosis.

Por naturaleza y convicción, Willax Televisión es un medio de comunicación que promueve, alienta y defiende una prensa libre y democrática para el Perú. Transmite valores y cree que el periodismo puede ser un oficio responsable, independiente y entretenido. 
",17910,60,420,0,willax|willaxtv|televisión|tv|television|peru|perú|vivo|canal|movistar|claro|best|cable|bestcable|hd|digital|video|phillip butters|combutters|periodismo|entrevista|política|magazzine|vacuna|Vizcarra|pago|no se pago|culpable|Salaverry|covid|camas uci|uci|internados|mazzetti|segunda ola|congreso|huelga médica|mazeti|pilar
j6DjTCszYoU,Willax Televisión,UCort3mldTtMErPqprSlSfng,2021-01-16,Combutters,ENE 15,VACUNACIÓN: PELIGROSA PROMESA  - 1/4 | Willax,"El gobierno hace una promesa. Así como lo oye, la vacuna ni siquiera llega al país, pero al parecer el Ejecutivo tiene un plan de vacunación el cual cubriría a toda la población. Pero, ¿Va de la mano con la realidad el anuncio de la premier, Violeta Bermudez? veamos cómo está el panorama en los países del mundo. 

Por naturaleza y convicción, Willax Televisión es un medio de comunicación que promueve, alienta y defiende una prensa libre y democrática para el Perú. Transmite valores y cree que el periodismo puede ser un oficio responsable, independiente y entretenido. 
",19043,56,408,0,willax|willaxtv|televisión|tv|television|peru|perú|vivo|canal|movistar|claro|best|cable|bestcable|hd|digital|video|phillip butters|combutters|periodismo|entrevista|política|magazzine|vacuna|Vizcarra|pago|no se pago|culpable|Salaverry|covid|camas uci|uci|internados|mazzetti|segunda ola|congreso|huelga médica|mazeti|pilar|conferencia|cantinflas|sagasti|violeta bermudez|vacunación
FBg2thXIW4M,Willax Televisión,UCort3mldTtMErPqprSlSfng,2021-01-19,Milagros Leiva Entrevista ,ENE 18,SOLO QUEDAN 125 CAMAS UCI EN TODO EL PAÍS  - 2/4 | Willax,"El Dr. Ernesto Bustamante, exjefe del INS, comenta sobre las declaraciones de la ministra de salud Pilar Mazzetti y la situación del sistema de salud nacional.

Por naturaleza y convicción, Willax Televisión es un medio de comunicación que promueve, alienta y defiende una prensa libre y democrática para el Perú. Transmite valores y cree que el periodismo puede ser un oficio responsable, independiente y entretenido. 
",5194,26,109,0,willax|willaxtv|televisión|tv|television|peru|perú|vivo|canal|movistar|claro|best|cable|bestcable|hd|digital|video
Z7tpC108dLI,Willax Televisión,UCort3mldTtMErPqprSlSfng,2021-01-21,Beto a Saber ,ENE 20,SÁLVESE QUIEN SEPA  - 2/3 | Willax,"La situación de las vacunas y su llegada al Perú sigue siendo cuestionada, para conversar del tema Omar Neyra, doctor en salud pública, y Ernesto Bustamante, científico, visitaron el set de Beto a Saber.

Por naturaleza y convicción, Willax Televisión es un medio de comunicación que promueve, alienta y defiende una prensa libre y democrática para el Perú. Transmite valores y cree que el periodismo puede ser un oficio responsable, independiente y entretenido. 
",49275,165,811,0,willax|willaxtv|televisión|tv|television|peru|perú|vivo|canal|movistar|claro|best|cable|bestcable|hd|digital|video
FEj2SWAMXik,Willax Televisión,UCort3mldTtMErPqprSlSfng,2021-01-21,Combutters,ENE 20,VACUNA: ESTAMOS ENTRE LOS ÚLTIMOS DE LA FILA  - 3/4 | Willax,"Por naturaleza y convicción, Willax Televisión es un medio de comunicación que promueve, alienta y defiende una prensa libre y democrática para el Perú. Transmite valores y cree que el periodismo puede ser un oficio responsable, independiente y entretenido. 
",14973,51,374,0,willax|willaxtv|televisión|tv|television|peru|perú|vivo|canal|movistar|claro|best|cable|bestcable|hd|digital|video|phillip butters|combutters|periodismo|entrevista|política|magazzine|vacuna|Vizcarra|pago|no se pago|culpable|Salaverry|covid|camas uci|uci|internados|mazzetti|segunda ola|congreso|huelga médica|mazeti|pilar|francisco Tudela
8BH6-ZjQK2U,Willax Televisión,UCort3mldTtMErPqprSlSfng,2021-01-23,Milagros Leiva Entrevista ,ENE 22,LA EFICACIA DE LAS VACUNAS QUE LLEGARÁN AL PERÚ  - 3/4 | Willax,"Entrevista con la presidenta del congreso, Mirtha Vásquez, comenta sobre la compras que han causado polémica. Así mismo el doctor Alfredo Guerreros, médico neumólogo nos brinda un panorama de la situación sanitaria del país así como las medidas que podrían tomarse.

Por naturaleza y convicción, Willax Televisión es un medio de comunicación que promueve, alienta y defiende una prensa libre y democrática para el Perú. Transmite valores y cree que el periodismo puede ser un oficio responsable, independiente y entretenido. 
",4379,24,84,0,willax|willaxtv|televisión|tv|television|peru|perú|vivo|canal|movistar|claro|best|cable|bestcable|hd|digital|video
_VVQHWz39z8,Willax Televisión,UCort3mldTtMErPqprSlSfng,2021-01-26,Milagros Leiva Entrevista,ENE25,"19 ""ESTÁ CASI INCONTROLABLE""-ENE25 -1/4 | Willax","Las cifras del coronavirus ha llegado una cantidad de que supera por mucho a lo que se vivió en la primera parte de esta pandemia. Para comentar sobre el tema visita el set de Milagros Leiva Entrevista  el Dr. Ernesto Bustamante, ex jefe del INS y Omar Neyra, doctor en Salúd Pública.

Por naturaleza y convicción, Willax Televisión es un medio de comunicación que promueve, alienta y defiende una prensa libre y democrática para el Perú. Transmite valores y cree que el periodismo puede ser un oficio responsable, independiente y entretenido. 
",5285,51,97,0,willax|willaxtv|televisión|tv|television|peru|perú|vivo|canal|movistar|claro|best|cable|bestcable|hd|digital|video
zNJXr03eF28,Willax Televisión,UCort3mldTtMErPqprSlSfng,2021-01-26,Milagros Leiva Entrevista,NA,2/4 | Willax,"El Dr. Ernesto Bustamante, ex jefe del INS y Omar Neyra, doctor en Salúd Pública nos comenta sobre la posibles soluciones que se pueden tomar frente a la situación sanitaria en la que nos encontramos.

Por naturaleza y convicción, Willax Televisión es un medio de comunicación que promueve, alienta y defiende una prensa libre y democrática para el Perú. Transmite valores y cree que el periodismo puede ser un oficio responsable, independiente y entretenido. 
",2157,10,49,0,willax|willaxtv|televisión|tv|television|peru|perú|vivo|canal|movistar|claro|best|cable|bestcable|hd|digital|video
rZDW51biEDo,Willax Televisión,UCort3mldTtMErPqprSlSfng,2021-01-27,Milagros Leiva Entrevista ,ENE 26,¿Y LA VACUNA PA' CUANDO?  - 1/4 | Willax,"Quedan pocos días para que se cumpla el plazo dado por el presidente Sagasti para que lleguen el primer lote de vacunas al Perú, para comentar Luis Solari, exministro de salud, comenta sobre esta situación.

Por naturaleza y convicción, Willax Televisión es un medio de comunicación que promueve, alienta y defiende una prensa libre y democrática para el Perú. Transmite valores y cree que el periodismo puede ser un oficio responsable, independiente y entretenido. 
",4225,16,80,0,willax|willaxtv|televisión|tv|television|peru|perú|vivo|canal|movistar|claro|best|cable|bestcable|hd|digital|video
Q2-xmAJoPXw,Willax Televisión,UCort3mldTtMErPqprSlSfng,2021-02-02,Combutters,FEB 01,CUARENTENA BAMBA  - 1/4 | Willax,"El gobierno insiste con una peligrosa promesa. La vacuna aún no llega, pero al parecer el gobierno tiene las cosas bien planeadas, o eso nos quiere hacer creer la premier, Violeta Bermúdez.

Por naturaleza y convicción, Willax Televisión es un medio de comunicación que promueve, alienta y defiende una prensa libre y democrática para el Perú. Transmite valores y cree que el periodismo puede ser un oficio responsable, independiente y entretenido. 
",23642,77,472,0,willax|willaxtv|televisión|tv|television|peru|perú|vivo|canal|movistar|claro|best|cable|bestcable|hd|digital|video|phillip butters|combutters|periodismo|entrevista|política|magazzine|vacuna|Vizcarra|pago|no se pagó|culpable|Salaverry|covid|camas uci|uci|internados|mazzetti|segunda ola|congreso|huelga médica|mazeti|pilar|conferencia|cantinflas|sagasti|nueva medidas|cuarentena|otra vez|55 millones|AstraZeneca|bamba
6Od6DfCcNFM,Willax Televisión,UCort3mldTtMErPqprSlSfng,2021-02-04,Beto a Saber ,FEB 03,ESPIONAJE A SAGASTI  - 1/3 | Willax,"Se filtró un audio del presidente Sagasti sobre las vacunas y también que la aerolínea que traería la vacuna ya no realiza viajes a China. Además de una nota sobre ""una  cuarentena de mentira"", para comentar al respecto Humberto Abanto, abogado, visita el set de Beto a Saber.

Por naturaleza y convicción, Willax Televisión es un medio de comunicación que promueve, alienta y defiende una prensa libre y democrática para el Perú. Transmite valores y cree que el periodismo puede ser un oficio responsable, independiente y entretenido. 
",102825,745,1803,0,willax|willaxtv|televisión|tv|television|peru|perú|vivo|canal|movistar|claro|best|cable|bestcable|hd|digital|video
fC3gMLnXR6Y,Willax Televisión,UCort3mldTtMErPqprSlSfng,2021-02-04,Combutters,FEB 03,"AGATHA, TÚ SÍ SABES, ¿CUANDO LLEGA LA VACUNA?  - 4/4 | Willax","A falta de precisiones de parte del Gobierno, buscamos las predicciones de Agatha Lyz, ¡que los astros nos traigan las vacunas!

Por naturaleza y convicción, Willax Televisión es un medio de comunicación que promueve, alienta y defiende una prensa libre y democrática para el Perú. Transmite valores y cree que el periodismo puede ser un oficio responsable, independiente y entretenido. 
",25869,240,441,0,willax|willaxtv|televisión|tv|television|peru|perú|vivo|canal|movistar|claro|best|cable|bestcable|hd|digital|video|phillip butters|combutters|periodismo|entrevista|política|magazzine|vacuna|futuro|cambios|los astros|predicciones|la vacuna|Forsyth presidente|Agatha lys
vFL5qbPZyxc,Willax Televisión,UCort3mldTtMErPqprSlSfng,2021-02-04,Combutters,FEB 03,NOS HACEN EL AVIÓN CON LA VACUNA  - 1/4 | Willax,"Nuevamente, la fecha de la llegada de las vacunas es incierta. Según la presidenta del Consejo de Ministros, Violeta Bermúdez, la vacuna desarrollada por el laboratorio chino Sinopharm no va a llegar el anunciado 9 de febrero, debido a que la aerolínea KLM suspenderá sus vuelos.

Por naturaleza y convicción, Willax Televisión es un medio de comunicación que promueve, alienta y defiende una prensa libre y democrática para el Perú. Transmite valores y cree que el periodismo puede ser un oficio responsable, independiente y entretenido.",22916,118,451,0,willax|willaxtv|televisión|tv|television|peru|perú|vivo|canal|movistar|claro|best|cable|bestcable|hd|digital|video|phillip butters|combutters|periodismo|entrevista|política|magazzine|vacuna|Vizcarra|pago|no se pagó|culpable|Salaverry|covid|camas uci|uci|internados|mazzetti|segunda ola|congreso|huelga médica|mazeti|pilar|conferencia|cantinflas|sagasti|el foco|Eloy marchan
Aan7g8x1t1Y,Willax Televisión,UCort3mldTtMErPqprSlSfng,2021-02-05,Milagros Leiva Entrevista ,FEB 04,LA ETERNA POSTERGACIÓN DE LAS VACUNAS  - 1/4 | Willax,"Existe una angustia de no saber cuándo llegarán las vacunas, para comentar al respecto está Ernesto Bustamante, exdirector del INS.

Por naturaleza y convicción, Willax Televisión es un medio de comunicación que promueve, alienta y defiende una prensa libre y democrática para el Perú. Transmite valores y cree que el periodismo puede ser un oficio responsable, independiente y entretenido. 
",8193,49,157,0,willax|willaxtv|televisión|tv|television|peru|perú|vivo|canal|movistar|claro|best|cable|bestcable|hd|digital|video
COGT2Qt_mGs,Willax Televisión,UCort3mldTtMErPqprSlSfng,2021-02-05,Milagros Leiva Entrevista ,FEB 04,ANGUSTIA POR ARRIBO DE VACUNAS  - 2/4 | Willax,"Entrevista con Daniel Abugattás, excongresista, y Ernesto Bustamante, exdirector del INS. sobre la llegada de las vacunas contra el covid-19.

Por naturaleza y convicción, Willax Televisión es un medio de comunicación que promueve, alienta y defiende una prensa libre y democrática para el Perú. Transmite valores y cree que el periodismo puede ser un oficio responsable, independiente y entretenido.",10093,47,163,0,willax|willaxtv|televisión|tv|television|peru|perú|vivo|canal|movistar|claro|best|cable|bestcable|hd|digital|video
PZcX8cDyUOY,Willax Televisión,UCort3mldTtMErPqprSlSfng,2021-02-06,Beto a Saber ,FEB 05,¿Y DÓNDE ESTÁ EL PILOTO?  - 1/3 | Willax,"El presidente confirmo la llegada de 350 mil dosis de la vacuna de Sinopharm, que tan solo cubre al 0.4% de la población. Así mismo Beto presenta la encuesta, inventada, con las intenciones de voto con números imaginarios que influye en las elecciones.

Por naturaleza y convicción, Willax Televisión es un medio de comunicación que promueve, alienta y defiende una prensa libre y democrática para el Perú. Transmite valores y cree que el periodismo puede ser un oficio responsable, independiente y entretenido.",88427,628,1535,0,willax|willaxtv|televisión|tv|television|peru|perú|vivo|canal|movistar|claro|best|cable|bestcable|hd|digital|video
5PzTJnq01ZY,PBO,UCgR0st4ZLABi-LQcWNu3wnQ,2021-02-06,PBO,FEB 06,Exdirector INS Ernesto Bustamante sobre primer lote de vacunas Sinopharm a Perú,"ENTREVISTA Exdirector del INS Ernesto Bustamante
Canciller: Primer lote de vacunas de Sinopharm llegará a Perú el 14 de febrero",1554,8,65,0,
zCsrxGgSSTw,Willax Televisión,UCort3mldTtMErPqprSlSfng,2021-02-10,Milagros Leiva Entrevista ,FEB 09,PRESIDENTE SAGASTI RECIBE LA VACUNA DE SINOPHARM  - 1/4 | Willax,"Hoy inicia la campaña de valuación contra la covid-19 en su primera fase. Así también la postulación de Martín Vizcarra al congreso levanta algunas reacciones adversas, porque tiene diversas observaciones.

Por naturaleza y convicción, Willax Televisión es un medio de comunicación que promueve, alienta y defiende una prensa libre y democrática para el Perú. Transmite valores y cree que el periodismo puede ser un oficio responsable, independiente y entretenido.",6514,54,126,0,willax|willaxtv|televisión|tv|television|peru|perú|vivo|canal|movistar|claro|best|cable|bestcable|hd|digital|video
S2n6IvVtLVo,Willax Televisión,UCort3mldTtMErPqprSlSfng,2021-02-12,Milagros Leiva Entrevista ,FEB 11,"YO ME VACUNO, TÚ SIGUE EN CUARENTENA  - 1/4 | Willax","El expresidente Martín Vizcarra a levantado revuelo al declarar que fue voluntario como parte del testeo de las vacunas chinas Sinopharm. 

Por naturaleza y convicción, Willax Televisión es un medio de comunicación que promueve, alienta y defiende una prensa libre y democrática para el Perú. Transmite valores y cree que el periodismo puede ser un oficio responsable, independiente y entretenido. 
",12729,161,375,0,willax|willaxtv|televisión|tv|television|peru|perú|vivo|canal|movistar|claro|best|cable|bestcable|hd|digital|video
0tygXSmWEOg,Willax Televisión,UCort3mldTtMErPqprSlSfng,2021-02-12,Milagros Leiva Entrevista ,FEB 11,VIZCARRA: SIEMPRE ENTRE LA MENTIRA Y LA TRAICIÓN  - 2/4 | Willax,"Entrevista con el doctor Ernesto Bustamante, exdirector del INS, sobre las declaraciones del expresidente Martín Vizcarra y sus implicaciones políticas y sociales.

Por naturaleza y convicción, Willax Televisión es un medio de comunicación que promueve, alienta y defiende una prensa libre y democrática para el Perú. Transmite valores y cree que el periodismo puede ser un oficio responsable, independiente y entretenido. 
",20818,142,495,0,willax|willaxtv|televisión|tv|television|peru|perú|vivo|canal|movistar|claro|best|cable|bestcable|hd|digital|video
qJUe5aGywEI,Willax Televisión,UCort3mldTtMErPqprSlSfng,2021-02-12,Beto a Saber ,FEB 11,SE VACUNÓ MIENTRAS MORÍAMOS  - 1/4 | Willax,"El expresidente confesó haber sido vacunado durante la tercera fase de las vacunas de Sinopharm.

Por naturaleza y convicción, Willax Televisión es un medio de comunicación que promueve, alienta y defiende una prensa libre y democrática para el Perú. Transmite valores y cree que el periodismo puede ser un oficio responsable, independiente y entretenido. 
",80067,983,2027,0,willax|willaxtv|televisión|tv|television|peru|perú|vivo|canal|movistar|claro|best|cable|bestcable|hd|digital|video
KcMBekiA8Sc,Willax Televisión,UCort3mldTtMErPqprSlSfng,2021-02-12,Beto a Saber ,FEB 11,GERMÁN MÁLAGA RECONOCE QUE FUE A VACUNAR AL EXPRESIDENTE VIZCARRA - 4/4 | Willax,"El doctor Germán Málaga ha reconocido que le realizó la aplicación de las vacunas de Sinopharm al expresidente Martín Vizcarra durante el mes de octubre en Palacio de Gobierno.

Por naturaleza y convicción, Willax Televisión es un medio de comunicación que promueve, alienta y defiende una prensa libre y democrática para el Perú. Transmite valores y cree que el periodismo puede ser un oficio responsable, independiente y entretenido. 
",27272,226,643,0,willax|willaxtv|televisión|tv|television|peru|perú|vivo|canal|movistar|claro|best|cable|bestcable|hd|digital|video
3ltM1waYVcE,Willax Televisión,UCort3mldTtMErPqprSlSfng,2021-02-13,Milagros Leiva Entrevista ,FEB 12,"TÚ TE VACUNABAS, LOS PERUANOS MORÍAN - 1/4 | Willax","La confesión del expresidente Martín Vizcarra de formar parte de las pruebas de la vacuna de Sinopharm, pero se han levantado dudas al respecto.

Por naturaleza y convicción, Willax Televisión es un medio de comunicación que promueve, alienta y defiende una prensa libre y democrática para el Perú. Transmite valores y cree que el periodismo puede ser un oficio responsable, independiente y entretenido. 
",11513,145,307,0,willax|willaxtv|televisión|tv|television|peru|perú|vivo|canal|movistar|claro|best|cable|bestcable|hd|digital|video
5XOuroa3CWQ,Willax Televisión,UCort3mldTtMErPqprSlSfng,2021-02-13,Milagros Leiva Entrevista,FEB12,Milagros Leiva Entrevista-OTROS FUNCIONARIOS PÚBLICOS HABRÍAN RECIBIDO LA VACUNA - 2/4 | Willax,"Entrevista con Katherine Ampuero y Juan Sheput, sobre la situación de Vizcarra y su vacunación con todas las implicancias.

Por naturaleza y convicción, Willax Televisión es un medio de comunicación que promueve, alienta y defiende una prensa libre y democrática para el Perú. Transmite valores y cree que el periodismo puede ser un oficio responsable, independiente y entretenido. 
",28900,210,491,0,willax|willaxtv|televisión|tv|television|peru|perú|vivo|canal|movistar|claro|best|cable|bestcable|hd|digital|video
0DG0x4sOjdw,Willax Televisión,UCort3mldTtMErPqprSlSfng,2021-02-13,Beto a Saber ,FEB 12,LA CUCHIPANDA DE LAS VACUNAS - 1/4 | Willax,"Se armó un gran revuelo en todo el país por la denuncia presentada en Beto a Saber y la aceptación de Martín Vizcarra de su vacunación con Sinopharm.

Por naturaleza y convicción, Willax Televisión es un medio de comunicación que promueve, alienta y defiende una prensa libre y democrática para el Perú. Transmite valores y cree que el periodismo puede ser un oficio responsable, independiente y entretenido. 
",90814,722,2124,0,willax|willaxtv|televisión|tv|television|peru|perú|vivo|canal|movistar|claro|best|cable|bestcable|hd|digital|video
nDRrnc0_0VI,Willax Televisión,UCort3mldTtMErPqprSlSfng,2021-02-16,Milagros Leiva Entrevista ,NA,1/4 | Willax,"El expresidente Martin Vizcarra intenta justificar que recibió la vacuna contra el Covid-19, agregando que su hermano también ha sido vacunado. Para esclarecer el panorama el ministro de Salud Óscar Ugarte visita el set de Milagros Leiva Entrevista.

Por naturaleza y convicción, Willax Televisión es un medio de comunicación que promueve, alienta y defiende una prensa libre y democrática para el Perú. Transmite valores y cree que el periodismo puede ser un oficio responsable, independiente y entretenido.",31349,269,573,0,willax|willaxtv|televisión|tv|television|peru|perú|vivo|canal|movistar|claro|best|cable|bestcable|hd|digital|video
yuJj3jG_fuU,Willax Televisión,UCort3mldTtMErPqprSlSfng,2021-02-16,Milagros Leiva Entrevista ,FEB 15,PILAR MAZZETTI SE VACUNÓ EN SECRETO - 2/4 | Willax,"El presidente Sagasti admitió que la exministra Mazzetti recibió la vacuna de Sinopharm, continua la entrevista con el ministro de Salud - Óscar Ugarte.

Por naturaleza y convicción, Willax Televisión es un medio de comunicación que promueve, alienta y defiende una prensa libre y democrática para el Perú. Transmite valores y cree que el periodismo puede ser un oficio responsable, independiente y entretenido. 
",44800,391,709,0,willax|willaxtv|televisión|tv|television|peru|perú|vivo|canal|movistar|claro|best|cable|bestcable|hd|digital|video
vkOMZHGYd5Y,Willax Televisión,UCort3mldTtMErPqprSlSfng,2021-02-16,Beto a Saber ,FEB 15,OTRO ESCÁNDALO: LAVACUNA RUSA - 3/4 | Willax,"Entrevista con Claudio Iturrizaga representante de la vacuna rusa y Juan Rodríguez, doctor.

Por naturaleza y convicción, Willax Televisión es un medio de comunicación que promueve, alienta y defiende una prensa libre y democrática para el Perú. Transmite valores y cree que el periodismo puede ser un oficio responsable, independiente y entretenido. 
",145463,1255,2588,0,willax|willaxtv|televisión|tv|television|peru|perú|vivo|canal|movistar|claro|best|cable|bestcable|hd|digital|video
l_beECrm_2Q,Willax Televisión,UCort3mldTtMErPqprSlSfng,2021-02-17,Milagros Leiva Entrevista ,FEB 16,LOS ENVARADOS Y SUS VACUNAS - 1/4 | Willax,"Ya se dio a conocer los nombres de las 487 personas vacunadas de forma irregular, para conversar del tema el exdirector del INS, el Dr. Ernesto Bustamante.

Por naturaleza y convicción, Willax Televisión es un medio de comunicación que promueve, alienta y defiende una prensa libre y democrática para el Perú. Transmite valores y cree que el periodismo puede ser un oficio responsable, independiente y entretenido.",17914,84,327,0,willax|willaxtv|televisión|tv|television|peru|perú|vivo|canal|movistar|claro|best|cable|bestcable|hd|digital|video
gfVZGW470tk,Willax Televisión,UCort3mldTtMErPqprSlSfng,2021-02-17,Milagros Leiva Entrevista,FEB 16,2/4 | Willax,"Segunda parte de la entrevista con el exdirector del INS, Dr. Ernesto Bustamante, sobre lo sucedido con la vacunas dadas a funcionarios públicos entre otros.

Por naturaleza y convicción, Willax Televisión es un medio de comunicación que promueve, alienta y defiende una prensa libre y democrática para el Perú. Transmite valores y cree que el periodismo puede ser un oficio responsable, independiente y entretenido. 
",26320,144,459,0,willax|willaxtv|televisión|tv|television|peru|perú|vivo|canal|movistar|claro|best|cable|bestcable|hd|digital|video
LTNV_1YCWk0,Willax Televisión,UCort3mldTtMErPqprSlSfng,2021-02-18,Milagros Leiva Entrevista ,FEB 17,UNA VACUNA POR UN WATÁN - 1/4 | Willax,"La revelación de las personas vacunadas de forma irregular con las vacunas de Sinopharm sigue siendo cuetinado, sobre todo por los nombres de las personas beneficiadas.

Por naturaleza y convicción, Willax Televisión es un medio de comunicación que promueve, alienta y defiende una prensa libre y democrática para el Perú. Transmite valores y cree que el periodismo puede ser un oficio responsable, independiente y entretenido. 
",15661,53,310,0,willax|willaxtv|televisión|tv|television|peru|perú|vivo|canal|movistar|claro|best|cable|bestcable|hd|digital|video
Ww4qcNJhm7o,Willax Televisión,UCort3mldTtMErPqprSlSfng,2021-02-18,Milagros Leiva Entrevista ,FEB 17,VACUNA CHINA: ASÍ FUE LA REPARTIJA - 3/4 | Willax,"Segunda parte de la entrevista con los congresistas Omar Chehade y Ricardo Burga, sobre la situación de Martín Vizcarra y los vacunados de forma irregular.

Por naturaleza y convicción, Willax Televisión es un medio de comunicación que promueve, alienta y defiende una prensa libre y democrática para el Perú. Transmite valores y cree que el periodismo puede ser un oficio responsable, independiente y entretenido. 
",16747,99,341,0,willax|willaxtv|televisión|tv|television|peru|perú|vivo|canal|movistar|claro|best|cable|bestcable|hd|digital|video
3a-4W0RT4pw,Willax Televisión,UCort3mldTtMErPqprSlSfng,2021-02-18,Beto a Saber ,FEB 17,NEGOCIADO DE LA VACUNA - 1/4 | Willax,"La revelación de las personas vacunadas contra el covid-19 ha levantado más suspicacias en cuanto a la comprar de las vacunas de Sinopharm y la negación con los demás desarrolladores de vacunas.

Por naturaleza y convicción, Willax Televisión es un medio de comunicación que promueve, alienta y defiende una prensa libre y democrática para el Perú. Transmite valores y cree que el periodismo puede ser un oficio responsable, independiente y entretenido.",99052,822,2252,0,willax|willaxtv|televisión|tv|television|peru|perú|vivo|canal|movistar|claro|best|cable|bestcable|hd|digital|video
mW0TAs5qG7U,Willax Televisión,UCort3mldTtMErPqprSlSfng,2021-02-19,Milagros Leiva Entrevista,FEB 18,MilagrosLeivaEntrevista-VIZCARRA Y MIRIAM MORALES HACEN DE LAS SUYAS EN SOMOS PERÚ - 1/4 | Willax,"Entrevista con el exprocurador anticorrupción, Amado Enco sobre la situación de las personas que han recibido de forma irregular la vacuna de Sinopharm en Perú.

Por naturaleza y convicción, Willax Televisión es un medio de comunicación que promueve, alienta y defiende una prensa libre y democrática para el Perú. Transmite valores y cree que el periodismo puede ser un oficio responsable, independiente y entretenido. 
",15484,83,332,0,willax|willaxtv|televisión|tv|television|peru|perú|vivo|canal|movistar|claro|best|cable|bestcable|hd|digital|video
DFoyoFhlmX4,Willax Televisión,UCort3mldTtMErPqprSlSfng,2021-02-19,Milagros Leiva Entrevista,FEB 17,Milagros Leiva Entrevista- LLEGAR AL CONGRESO: EL ÚLTIMO SALVAVIDAS DE VIZCARRA - 2/4 | Willax,"Segunda parte de la entrevista con el exprocurador anticorrupción, Amado Enco sobre la situación de las personas que han recibido de forma irregular la vacuna de Sinopharm en Perú.

Por naturaleza y convicción, Willax Televisión es un medio de comunicación que promueve, alienta y defiende una prensa libre y democrática para el Perú. Transmite valores y cree que el periodismo puede ser un oficio responsable, independiente y entretenido. 
",18311,84,412,0,willax|willaxtv|televisión|tv|television|peru|perú|vivo|canal|movistar|claro|best|cable|bestcable|hd|digital|video
0Wh0hPt1_-4,Willax Televisión,UCort3mldTtMErPqprSlSfng,2021-02-24,Beto a Saber ,FEB 23,DENUNCIA A MÁLAGA - 3/4 | Willax,"La hermana de la participante de la vacuna de Sinopharm, Fanny Vela, que falleció en medio del ensayo clínico denuncia sobre la situación en la que se encontraba su hermana.

Por naturaleza y convicción, Willax Televisión es un medio de comunicación que promueve, alienta y defiende una prensa libre y democrática para el Perú. Transmite valores y cree que el periodismo puede ser un oficio responsable, independiente y entretenido. 
",43949,113,752,0,willax|willaxtv|televisión|tv|television|peru|perú|vivo|canal|movistar|claro|best|cable|bestcable|hd|digital|video
PPWYdbLvVyk,Willax Televisión,UCort3mldTtMErPqprSlSfng,2021-02-24,Beto a Saber ,FEB 23,"""MÁLAGA NO TIENE ÉTICA NI VALORES NI PRINCIPIOS"" - 4/4 | Willax","Segunda parte de la denuncia de Fanny Vela por la muerte de su hermana al ser parte de los ensayos clínicos de la vacuna de Sinopharm.

Por naturaleza y convicción, Willax Televisión es un medio de comunicación que promueve, alienta y defiende una prensa libre y democrática para el Perú. Transmite valores y cree que el periodismo puede ser un oficio responsable, independiente y entretenido. 
",19864,98,594,0,willax|willaxtv|televisión|tv|television|peru|perú|vivo|canal|movistar|claro|best|cable|bestcable|hd|digital|video
lVaoIxMKkmQ,Willax Televisión,UCort3mldTtMErPqprSlSfng,2021-02-25,Beto a Saber ,FEB 24,LA VACUNA PERUANA- 4/4 | Willax,"Tercera parte de la entrevista de con Rafael Rey y José Barba.

Por naturaleza y convicción, Willax Televisión es un medio de comunicación que promueve, alienta y defiende una prensa libre y democrática para el Perú. Transmite valores y cree que el periodismo puede ser un oficio responsable, independiente y entretenido. 
",34837,178,797,0,willax|willaxtv|televisión|tv|television|peru|perú|vivo|canal|movistar|claro|best|cable|bestcable|hd|digital|video
WAZNaxN6CRo,Willax Televisión,UCort3mldTtMErPqprSlSfng,2021-02-26,Combutters,FEB 25,UN INFORME A MEDIAS - 1/4 | Willax,"La comisión que investiga el caso vacunagate presentó hoy su informe. Se informó que las 3,200 de vacunas de emergencia, como ellos lo llaman, no forman parte de las 12 mil dosis de sinopharm que fueron para los ensayos clínicos.

Por naturaleza y convicción, Willax Televisión es un medio de comunicación que promueve, alienta y defiende una prensa libre y democrática para el Perú. Transmite valores y cree que el periodismo puede ser un oficio responsable, independiente y entretenido.",32606,109,639,0,willax|willaxtv|televisión|tv|television|peru|perú|vivo|canal|movistar|claro|best|cable|bestcable|hd|digital|video|phillip butters|combutters|periodismo|entrevista|política|magazzine|vacuna|vacunagate|informe|oscar Ugarte|Fernando Carbone|malaga|Vizcarra|mazzetti
f7P613FvnuI,Willax Televisión,UCort3mldTtMErPqprSlSfng,2021-03-03,Beto a Saber ,MAR 02,LA RULETA RUSA DE SAGASTI - 1/4 | Willax,"El bisnes de las elecciones, Beto comenta lo sucedido a partir de lo mencionado el día de ayer por Beto sobre las últimas encuestas reveladas. Comentario sobre el tuit de Fernando Tuesta Soldevilla con respectos a las entrevistas realizadas en Willax. Así también un reportaje sobre la vacuna rusa que no han sido adquiridas por el gobierno peruano con posible excusas para seguir adquiriendo vacunas de la empresa Sinopharm. También un primer vistazo al contrato que el ministerio de salud habría firmado con la empresa China.

Por naturaleza y convicción, Willax Televisión es un medio de comunicación que promueve, alienta y defiende una prensa libre y democrática para el Perú. Transmite valores y cree que el periodismo puede ser un oficio responsable, independiente y entretenido. 
",155371,1220,3909,0,willax|willaxtv|televisión|tv|television|peru|perú|vivo|canal|movistar|claro|best|cable|bestcable|hd|digital|video
D1EM32Pv828,Willax Televisión,UCort3mldTtMErPqprSlSfng,2021-03-04,Beto a Saber ,MAR 03,EL ESCÁNDALO DE PFIZER - 1/4 | Willax,"Hoy se ha dado a conocer un contrato con el laboratorio con Pfizer en el cuál deberían haber llegado 9 millones 900 mil vacunas en diciembre del 2020, para ello el abogado constitucionalista, Natale Amprimo, comenta al respecto. Así también Beto Ortiz lee una carta sobre la negociación con los representantes de la vacuna rusa. Así también se encuentran discrepancias con respecto a la vacunación del presidente Sagasti. 

Por naturaleza y convicción, Willax Televisión es un medio de comunicación que promueve, alienta y defiende una prensa libre y democrática para el Perú. Transmite valores y cree que el periodismo puede ser un oficio responsable, independiente y entretenido.",282752,1986,4561,0,willax|willaxtv|televisión|tv|television|peru|perú|vivo|canal|movistar|claro|best|cable|bestcable|hd|digital|video
N8TCILfoxqk,PBO,UCgR0st4ZLABi-LQcWNu3wnQ,2021-03-06,PBO,MAR 06,Beto Ortiz reveló que vacuna contra COVID de Sinopharm que Perú compró tiene bajo nivel de eficacia,"BETO A SABER: RESULTADO DEL ESTUDIO CLÍNICO 

Beto Ortiz reveló que la vacuna contra el coronavirus de #Sinopharm que Perú compró tiene bajo nivel de eficacia
ENTREVISTA Dr. Ernesto Bustamante",24665,356,385,0,pbo digital|Phillip Butters|BETO A SABER|BETO A SABER sinopharm|BETO A SABER vacunas|pbo en vivo|phillip butters en vivo|En Vivo|magaly tv la firme|beto ortiz|butters vizcarra|phillip butters pbo digital|Keiko|Futbol|coronavirus perú muertes|Latina|Exitosa|RPP|Noticias|cura vacuna coronavirus|Jaime Bayly|urgente|último minuto|butters arremete|congreso|lima|willax|combutters|coronavirus peru|covid 19|noticias coronavirus|pbo digital hoy|pbo
9K9Vpk2N38M,Willax Televisión,UCort3mldTtMErPqprSlSfng,2021-03-06,Beto a Saber ,MAR 05,LA VACUNA RUSA - 1/4 | Willax,"Por naturaleza y convicción, Willax Televisión es un medio de comunicación que promueve, alienta y defiende una prensa libre y democrática para el Perú. Transmite valores y cree que el periodismo puede ser un oficio responsable, independiente y entretenido. 
",199737,1966,4269,0,willax|willaxtv|televisión|tv|television|peru|perú|vivo|canal|movistar|claro|best|cable|bestcable|hd|digital|video
FmHqf_7sgnE,Willax Televisión,UCort3mldTtMErPqprSlSfng,2021-03-06,Beto a Saber ,MAR 05,RESULTADO DEL ESTUDIO CLÍNICO - 2/4 | Willax,"Segunda parte de la entrevista con el Dr. Ernesto Bustamante sobre los resultados del estudio de la vacuna de Sinopharm.

Por naturaleza y convicción, Willax Televisión es un medio de comunicación que promueve, alienta y defiende una prensa libre y democrática para el Perú. Transmite valores y cree que el periodismo puede ser un oficio responsable, independiente y entretenido. 
",146713,1300,2524,0,willax|willaxtv|televisión|tv|television|peru|perú|vivo|canal|movistar|claro|best|cable|bestcable|hd|digital|video
mLhonH1bDOA,Willax Televisión,UCort3mldTtMErPqprSlSfng,2021-03-06,Beto a Saber ,MAR 05,¿Y LA SEGUNDA LISTA DE VACUNADOS? - 3/4 | Willax,"Tercera parte del análisis de los resultados del Sinopharm con el Dr. Ernesto Bustamante.

Por naturaleza y convicción, Willax Televisión es un medio de comunicación que promueve, alienta y defiende una prensa libre y democrática para el Perú. Transmite valores y cree que el periodismo puede ser un oficio responsable, independiente y entretenido. 
",63115,309,1309,0,willax|willaxtv|televisión|tv|television|peru|perú|vivo|canal|movistar|claro|best|cable|bestcable|hd|digital|video
PagOb0eOyOQ,Willax Televisión,UCort3mldTtMErPqprSlSfng,2021-03-09,Milagros Leiva Entrevista ,MAR 08,LA EFICACIA DE LA VACUNA DE SINOPHARM - 1/4 | Willax,"La última denuncia hecha por Beto Ortiz en su programa Beto a saber sobre la vacuna ha levantado revuelo, pues se cuestiona la eficacia de de las vacunas del Sinopharm.

Por naturaleza y convicción, Willax Televisión es un medio de comunicación que promueve, alienta y defiende una prensa libre y democrática para el Perú. Transmite valores y cree que el periodismo puede ser un oficio responsable, independiente y entretenido. 
",14423,129,359,0,willax|willaxtv|televisión|tv|television|peru|perú|vivo|canal|movistar|claro|best|cable|bestcable|hd|digital|video
P_CqzxTz8qc,Willax Televisión,UCort3mldTtMErPqprSlSfng,2021-03-09,Milagros Leiva Entrevista ,MAR 08,¿SIRVE O NO SIRVE LA VACUNA DE SINOPHARM? - 2/4 | Willax,"Entrevista con el Dr. Ernesto Bustamante, exjefe INS, sobre sus declaraciones con respecto a la eficacia de la vacuna de Sinopharm.

Por naturaleza y convicción, Willax Televisión es un medio de comunicación que promueve, alienta y defiende una prensa libre y democrática para el Perú. Transmite valores y cree que el periodismo puede ser un oficio responsable, independiente y entretenido. 
",16024,146,375,0,willax|willaxtv|televisión|tv|television|peru|perú|vivo|canal|movistar|claro|best|cable|bestcable|hd|digital|video
L7zdcppc2Ro,Willax Televisión,UCort3mldTtMErPqprSlSfng,2021-03-09,Milagros Leiva Entrevista,MAR08,Milagros LeivaEntrevista-VACUNA SINOPHARM: MÁS DUDAS QUE CERTEZAS SOBRE SU EFICACIA-MAR08-3/4|Willax,"Segunda parte de la entrevista con el Dr. Ernesto Bustamante, exjefe del INS, sobre la vacuna de Sinopharm.

Por naturaleza y convicción, Willax Televisión es un medio de comunicación que promueve, alienta y defiende una prensa libre y democrática para el Perú. Transmite valores y cree que el periodismo puede ser un oficio responsable, independiente y entretenido. 
",13752,141,369,0,willax|willaxtv|televisión|tv|television|peru|perú|vivo|canal|movistar|claro|best|cable|bestcable|hd|digital|video
61MuoV0b_wc,Willax Televisión,UCort3mldTtMErPqprSlSfng,2021-03-09,Beto a Saber ,MAR 08,"""EL ESTUDIO DEBIÓ HACERSE PREVIO A LA COMPRA"" - 1/4 | Willax","Hoy Beto Ortiz reafirma las denuncias hechas en el programa anterior sobre la vacunas de Sinopharm.

Por naturaleza y convicción, Willax Televisión es un medio de comunicación que promueve, alienta y defiende una prensa libre y democrática para el Perú. Transmite valores y cree que el periodismo puede ser un oficio responsable, independiente y entretenido. 
",158916,1988,4551,0,willax|willaxtv|televisión|tv|television|peru|perú|vivo|canal|movistar|claro|best|cable|bestcable|hd|digital|video
Yiaxey-NaVQ,Willax Televisión,UCort3mldTtMErPqprSlSfng,2021-03-10,Milagros Leiva Entrevista ,MAR 09,LA BRILLANTE COMUNICACIÓN DEL GOBIERNO - 1/4 | Willax,"El Gobierno ha comunicado los siguientes en ser vacunados, pero este mensaje no ha sido claro.
Frente las acusaciones en contra de Willax Televisión, la Premiere del ministerio mencionó los estudios en los Emiratos Árabe Unidos, pero que también han empezado a  cuestionar las dosis de Sinopharm.
Además de la primera parte de la entrevista con Hernando De Soto sobre la situación en la cuál se encuentra el país.

Por naturaleza y convicción, Willax Televisión es un medio de comunicación que promueve, alienta y defiende una prensa libre y democrática para el Perú. Transmite valores y cree que el periodismo puede ser un oficio responsable, independiente y entretenido. 
",24783,174,520,0,willax|willaxtv|televisión|tv|television|peru|perú|vivo|canal|movistar|claro|best|cable|bestcable|hd|digital|video
Uq0sf0pvo60,Willax Televisión,UCort3mldTtMErPqprSlSfng,2021-03-10,Beto a Saber ,MAR 09,VACUNAGATE: LA TERCERA DOSIS - 1/4 | Willax,"En Pakistan la vacuna de Sinopharm ha dado resultados de no proteger a adultos mayores de 60 años, así como que es necesaria una tercera dosis. Con respecto al tema, las vacunaciones en el Perú en adultos mayores continua con la vacuna de Sinopharm, pero los implicados en el Vacunagate se aplicaron 3 dosis.

Por naturaleza y convicción, Willax Televisión es un medio de comunicación que promueve, alienta y defiende una prensa libre y democrática para el Perú. Transmite valores y cree que el periodismo puede ser un oficio responsable, independiente y entretenido.",111714,924,2789,0,willax|willaxtv|televisión|tv|television|peru|perú|vivo|canal|movistar|claro|best|cable|bestcable|hd|digital|video
YBuaoRv3iIg,Willax Televisión,UCort3mldTtMErPqprSlSfng,2021-03-10,Beto a Saber ,MAR 09,EFICACIA VS. PRECIO - 2/4 | Willax,"Entrevista con el médico Omar Neyra especialista en Salud Pública, sobre las vacunas y su eficacia, además de su aplicación en las fases de vacunación en el Perú.

Por naturaleza y convicción, Willax Televisión es un medio de comunicación que promueve, alienta y defiende una prensa libre y democrática para el Perú. Transmite valores y cree que el periodismo puede ser un oficio responsable, independiente y entretenido. 
",74903,510,1644,0,willax|willaxtv|televisión|tv|television|peru|perú|vivo|canal|movistar|claro|best|cable|bestcable|hd|digital|video
g1rOO2hH9Nw,Willax Televisión,UCort3mldTtMErPqprSlSfng,2021-03-11,Milagros Leiva Entrevista ,MAR 10,MINSA OFRECE VACUNAS COMO CANCHA - 1/4 | Willax,"La universidad Cayetano Heredia ha lanzado un comunicado sobre las vacunas de Sinopharm, así como el escándalo con las ofertas de vacunas a distintos periodistas.

Por naturaleza y convicción, Willax Televisión es un medio de comunicación que promueve, alienta y defiende una prensa libre y democrática para el Perú. Transmite valores y cree que el periodismo puede ser un oficio responsable, independiente y entretenido. 
",20194,58,414,0,willax|willaxtv|televisión|tv|television|peru|perú|vivo|canal|movistar|claro|best|cable|bestcable|hd|digital|video
zDFmWHAVPdE,Willax Televisión,UCort3mldTtMErPqprSlSfng,2021-03-11,Beto a Saber ,MAR 10,JUGADA DE LABORATORIO - 1/4 | Willax,"La universidad Cayetano Heredia ha lanzado un un comunicado en el cual confirma que la vacuna de Sinopharm no es efectiva.
 Así mismo un revelador reportaje sobre las pruebas moleculares que realiza Clínica Suiza.

Por naturaleza y convicción, Willax Televisión es un medio de comunicación que promueve, alienta y defiende una prensa libre y democrática para el Perú. Transmite valores y cree que el periodismo puede ser un oficio responsable, independiente y entretenido. 
",153119,1149,4058,0,willax|willaxtv|televisión|tv|television|peru|perú|vivo|canal|movistar|claro|best|cable|bestcable|hd|digital|video
rKLP_-f8Eo4,Willax Televisión,UCort3mldTtMErPqprSlSfng,2021-03-16,Milagros Leiva Entrevista ,MAR 15,A UN AÑO DE LA PRIMERA CUARENTENA - 2/4 | Willax,"Entrevista con el Dr. Ernesto Bustamante, exjefe del INS y el economista, Manuel Romero Caro, que nos brindan un análisis de la situación en la cuál se encuentra el país a partir de la pandemia por el Covid-19 y las medidas tomas en el Perú.

Por naturaleza y convicción, Willax Televisión es un medio de comunicación que promueve, alienta y defiende una prensa libre y democrática para el Perú. Transmite valores y cree que el periodismo puede ser un oficio responsable, independiente y entretenido.",10796,34,228,0,willax|willaxtv|televisión|tv|television|peru|perú|vivo|canal|movistar|claro|best|cable|bestcable|hd|digital|video
vdbZm-F59cg,Willax Televisión,UCort3mldTtMErPqprSlSfng,2021-03-16,Milagros Leiva Entrevista,MAR 15,Milagros Leiva Entrevista-¿CUÁNTO CAMBIÓ NUESTRA VIDA DESDE LA PRIMERA CUARENTENA? - 3/4 | Willax,"El análisis del Dr. Ernesto Bustamante, exjefe del INS y el economista, Manuel Romero Caro sobre la situación del país a un año del primer anuncio de cuarentena.

Por naturaleza y convicción, Willax Televisión es un medio de comunicación que promueve, alienta y defiende una prensa libre y democrática para el Perú. Transmite valores y cree que el periodismo puede ser un oficio responsable, independiente y entretenido. 
",16489,83,310,0,willax|willaxtv|televisión|tv|television|peru|perú|vivo|canal|movistar|claro|best|cable|bestcable|hd|digital|video
SrybIYyjXS0,Willax Televisión,UCort3mldTtMErPqprSlSfng,2021-04-06,Beto a Saber ,ABR 05,"1/4 - CUENTO CHINO, PÁGINA 22 | Willax","Beto Ortiz revela otra página del contrato con Sinopharm con respecto a la compra de sus vacunas. Ademas una entrevista con el abogado Enrique Ghersi, sobre la situación política del Perú a menos de una semana de las elecciones generales.

Por naturaleza y convicción, Willax Televisión es un medio de comunicación que promueve, alienta y defiende una prensa libre y democrática para el Perú. Transmite valores y cree que el periodismo puede ser un oficio responsable, independiente y entretenido. 
",148413,772,2447,0,willax|willaxtv|televisión|tv|television|peru|perú|vivo|canal|movistar|claro|best|cable|bestcable|hd|digital|video
b2GX9Hic-1Y,Willax Televisión,UCort3mldTtMErPqprSlSfng,2021-04-07,Beto a Saber ,ABR 06,1/4 - LA PANACA DE LESCANO | Willax,"El presidente Sagasti ha dado una declaración sobre la vacuna peruana, también se liberaron el costo de una cantidad de vacunas. Además de las medias que se tomarán para las elecciones del día 11 de abril. Así como un informe sobre el candidato Lescano y sus vículos con el ""El club de la construcción"". Unos comentarios sobre las declaraciones de Verónika Mendoza con respecto a este canal. El candidato Hernando de Soto ha dado una entrevista para el canal CNN en el cuál ha levando revuelo.

Por naturaleza y convicción, Willax Televisión es un medio de comunicación que promueve, alienta y defiende una prensa libre y democrática para el Perú. Transmite valores y cree que el periodismo puede ser un oficio responsable, independiente y entretenido.",82421,657,1811,0,willax|willaxtv|televisión|tv|television|peru|perú|vivo|canal|movistar|claro|best|cable|bestcable|hd|digital|video
M6An4z-XNhM,Willax Televisión,UCort3mldTtMErPqprSlSfng,2021-04-08,Milagros Leiva Entrevista ,ABR07,2/4 - PERÚ ES EL PAÍS CON EL PEOR MANEJO DE LA PANDEMIA | Willax,"Entrevista con Katherine Ampuero, exprocuradora, y Ernesto Bustamante, ex jefe del INS, sobre la situación actual del país a nivel político y de salubridad.

Por naturaleza y convicción, Willax Televisión es un medio de comunicación que promueve, alienta y defiende una prensa libre y democrática para el Perú. Transmite valores y cree que el periodismo puede ser un oficio responsable, independiente y entretenido. 
",18066,100,302,0,willax|willaxtv|televisión|tv|television|peru|perú|vivo|canal|movistar|claro|best|cable|bestcable|hd|digital|video
bZbQlMaDKqU,Willax Televisión,UCort3mldTtMErPqprSlSfng,2021-04-08,Milagros Leiva Entrevista ,ABR 07,3/4 -  | Willax,"Segunda parte de la entrevista con Katherine Ampuero, exprocuradora, y Ernesto Bustamante, ex jefe del INS, sobre la situación actual del país a nivel político y de salubridad.

Por naturaleza y convicción, Willax Televisión es un medio de comunicación que promueve, alienta y defiende una prensa libre y democrática para el Perú. Transmite valores y cree que el periodismo puede ser un oficio responsable, independiente y entretenido. 
",15700,85,262,0,willax|willaxtv|televisión|tv|television|peru|perú|vivo|canal|movistar|claro|best|cable|bestcable|hd|digital|video
nFMhTNYVmyU,Willax Televisión,UCort3mldTtMErPqprSlSfng,2021-04-08,Beto a Saber ,ABR 07,1/4 - 'VACUNAGATE': EL INFORME FINAL | Willax,"Las declaraciones del presidente Francisco Sagasti con el anuncio de negociaciones con diversas farmacológicas para la vacuna contra el covid-19 sigue levantando dudas, de esta forma el Perú ha sido calificado como el que peor ha llevado las medidas de la pandemia. Así como la presentación del informe final del 'Vacunagate' en el congreso. 
Se ha promulgado una nueva ley en contra del acoso político a mujeres en el Perú.
El candidato Hernando De Soto sufrió un pequeño incidente en el cuál casi cae por un resbalón, así como sus declaraciones en el programa de 7x7 de Jaime Bayly, transmitido los domingos por este canal, sigue levantando polémicas, ahora sobre su comentario con respecto a Jesús y su humildad.

Por naturaleza y convicción, Willax Televisión es un medio de comunicación que promueve, alienta y defiende una prensa libre y democrática para el Perú. Transmite valores y cree que el periodismo puede ser un oficio responsable, independiente y entretenido.",80586,602,1742,0,willax|willaxtv|televisión|tv|television|peru|perú|vivo|canal|movistar|claro|best|cable|bestcable|hd|digital|video
98_C_oIgrok,Willax Televisión,UCort3mldTtMErPqprSlSfng,2021-04-10,Beto a Saber ,ABR 09,"1/3 - EL LARGARTO, ES OTRA PESTE | Willax","La entrevista con el candidato presidencial del Partido Morado, Julio Guzmán, no ha dejado varios momentos para recordar.
Se revelaron audios de la candidata Marité Bustamante donde se nota un desprecio por las zonas más humilde del Perú.
25 personas han muerto en Talara debido a la falta de oxígeno.
Un reportaje sobre más revelaciones con respecto a las vacunas de Sinopharm y el expresidente Martín Vizcarra.
Y el candidato José Luis Perez estaría implicado en las amenazas de muerte a un joven que fue contratado para promover la candidatura de José Luis en redes sociales, por exigir su pago.

Por naturaleza y convicción, Willax Televisión es un medio de comunicación que promueve, alienta y defiende una prensa libre y democrática para el Perú. Transmite valores y cree que el periodismo puede ser un oficio responsable, independiente y entretenido.",125446,759,2957,0,willax|willaxtv|televisión|tv|television|peru|perú|vivo|canal|movistar|claro|best|cable|bestcable|hd|digital|video
pYQZDYdy6r8,Willax Televisión,UCort3mldTtMErPqprSlSfng,2021-04-15,Milagros Leiva Entrevista ,ABR 14,4/4 - LOS NUEVOS ROSTROS DEL CONGRESO | Willax,"Entrevista con Glady Echaíz, virtual congresista de APP y Ernesto Bustamante, virtual congresista de Fuerza Popular.

Por naturaleza y convicción, Willax Televisión es un medio de comunicación que promueve, alienta y defiende una prensa libre y democrática para el Perú. Transmite valores y cree que el periodismo puede ser un oficio responsable, independiente y entretenido. 
",12053,86,275,0,willax|willaxtv|televisión|tv|television|peru|perú|vivo|canal|movistar|claro|best|cable|bestcable|hd|digital|video
hk1XuwyhPM4,Willax Televisión,UCort3mldTtMErPqprSlSfng,2021-04-28,Milagros Leiva Entrevista ,ABR 27,2/4 - EL PLAN DE KEIKO PARA ENFRENTAR LA PANDEMIA | Willax,"Entrevista a Ernesto Bustamante, virtual congresista de Fuerza Popular y exdirector de INS, sobre el plan de gobierno de Keiko Fujimori sobre como enfrentaría la pandemia en un virtual gobierno suyo.

Por naturaleza y convicción, Willax Televisión es un medio de comunicación que promueve, alienta y defiende una prensa libre y democrática para el Perú. Transmite valores y cree que el periodismo puede ser un oficio responsable, independiente y entretenido. 
",23311,254,532,0,willax|willaxtv|televisión|tv|television|peru|perú|vivo|canal|movistar|claro|best|cable|bestcable|hd|digital|video
a7B_V9KF_s0,Willax Televisión,UCort3mldTtMErPqprSlSfng,2021-04-28,Milagros Leiva Entrevista ,ABR 27,3/4 -  | Willax,"Entrevista con el congresista electo Ernesto Bustamante.

Por naturaleza y convicción, Willax Televisión es un medio de comunicación que promueve, alienta y defiende una prensa libre y democrática para el Perú. Transmite valores y cree que el periodismo puede ser un oficio responsable, independiente y entretenido. 
",14740,181,453,0,willax|willaxtv|televisión|tv|television|peru|perú|vivo|canal|movistar|claro|best|cable|bestcable|hd|digital|video
jOs8UNJKsFU,Willax Televisión,UCort3mldTtMErPqprSlSfng,2021-05-05,Beto a Saber ,MAY 04,1/3 - ¿A MÍ CON CUENTOS CHINOS? | Willax,"Las declaraciones polémicas de Vladimir Cerrón sigue afectando a la candidatura de izquierda radical, Pedro Castillo mientras este se deslinda del fundador del partido por el cuál postula.
El presidente de transición, Francisco Sagasti, ha dado un mensaje a la nación que no termina de entenderse con respecto a la situación sanitaria en la que nos encontramos en esta segunda ola.
Una entrevista con el doctor Bustamante sobre la situación de la vacuna Sinopharm y los anuncios de la Organización Mundial de la Salud.
Pedro Castillo se ha manifestado en Twitter sobre el Dr. Malaga Trillo y Flor Pablo, pero estos tuits han sido eliminados.
Entrevista a Adriana Tudela, congresista de Avanza País y César Combina, congresista Alianza por El Progreso.

Por naturaleza y convicción, Willax Televisión es un medio de comunicación que promueve, alienta y defiende una prensa libre y democrática para el Perú. Transmite valores y cree que el periodismo puede ser un oficio responsable, independiente y entretenido. 
",162797,1128,2878,0,willax|willaxtv|televisión|tv|television|peru|perú|vivo|canal|movistar|claro|best|cable|bestcable|hd|digital|video
5biabFQuzvo,Willax Televisión,UCort3mldTtMErPqprSlSfng,2021-05-06,Beto a Saber ,MAY 05,1/2 - VERÓNIKA MENDOZA APOYA A PEDRO CASTILLO | Willax,"Verónika Mendoza apoya a Pedro Castillo y hoy lo hicieron oficial al firma un pacto. Keiko Fujimori comenta al respecto.
Pedro Castillo declara que Vladimir Cerrón solo ha realizado solo algunas coordinaciones para su reunión con el embajador ruso.
La regidora Larisa Rojas ha sido agredida por unos matones.
Una campaña atarante con respecto a las vacunas de Sinopharm poco eficaces, con respecto a ello el Ministro Ugarte ha declarado que la información dada en Beto a Saber es incorrecta.
Entrevista con el médico Juan Rodríguez Tafur. Además de un reportaje sobre la negociación de la vacuna china.

Por naturaleza y convicción, Willax Televisión es un medio de comunicación que promueve, alienta y defiende una prensa libre y democrática para el Perú. Transmite valores y cree que el periodismo puede ser un oficio responsable, independiente y entretenido. 
",101968,1177,2453,0,willax|willaxtv|televisión|tv|television|peru|perú|vivo|canal|movistar|claro|best|cable|bestcable|hd|digital|video
2OQtHMsi6G4,Willax Televisión,UCort3mldTtMErPqprSlSfng,2021-05-29,Beto a Saber ,MAY 28,1/3 -  | Willax,"Este programa saca a la luz el chat de personeros de Perú Libre, donde se demuestra que quieren ganar por cualquier método, dejando entre ver un fraude electoral premeditado.
 Así mismo la publicidad en YouTube de Pedro Castillo es abundante, pero no se sabe de dónde viene todo el dinero para la financiación de estas campañas publicitarias millonarias.
Médicos vacunados con la vacuna china de Sinopharm siguen falleciendo. Mientras el Colegio Médico del Perú pide que se preste una tercera dosis a los médicos de primera línea.
Dina Boluarte, candidata a la primeravice presidencia por Perú Libre, despotrica en una entrevista en el canal de noticias CNN.
El hermano de Vladimir Cerrón menciona que si Pedro Castillo se separa del partido empezará su desgracia.
Sigue saliendo mayor información del Dr. Antonio Marty, el doctor figureti.
Un reportaje de Claudia Toro sobre la bancada de Perú Libre y los problemas judiciales que tienen.
La República hace unos años ponía en sus titulares ponía que el Conare-Sutep es prosenderista y que el terrorista Abimael Guzmán controla Movadef.

Por naturaleza y convicción, Willax Televisión es un medio de comunicación que promueve, alienta y defiende una prensa libre y democrática para el Perú. Transmite valores y cree que el periodismo puede ser un oficio responsable, independiente y entretenido. 
",139149,1366,3172,0,willax|willaxtv|televisión|tv|television|peru|perú|vivo|canal|movistar|claro|best|cable|bestcable|hd|digital|video
HOBbYwav4CM,Willax Televisión,UCort3mldTtMErPqprSlSfng,2021-06-29,Milagros Leiva Entrevista ,JUN 28,"2/3 - VIZCARRA, ""TRIPLE X"" | Willax","El expresidente peruano Martín Vizcarra ha publicado una fotografía con su vacunación con una dosis de Pfizer, teniendo en cuenta que ya había sido vacunado con dos dosis de Sinopharm, el año pasdo formando parte del Vacunagate.
Entrevista a Omar Neyra, especialista en Salud Pública.

Por naturaleza y convicción, Willax Televisión es un medio de comunicación que promueve, alienta y defiende una prensa libre y democrática para el Perú. Transmite valores y cree que el periodismo puede ser un oficio responsable, independiente y entretenido. 
",30476,206,616,0,willax|willaxtv|televisión|tv|television|peru|perú|vivo|canal|movistar|claro|best|cable|bestcable|hd|digital|video
-2uGfZLjFtY,Willax Televisión,UCort3mldTtMErPqprSlSfng,2021-06-29,Beto a Saber ,JUN 28,1/3 - VACADO Y TRES VECES VACUNADO | Willax,"El expresidente Martín Vizcarra ha publicado el día de hoy una fotografía luego de vacunarse una tercera vez con una dosis de Pfizer, siendo que ya había recibido dos dosis de Sinopharm durante el Vacunagate. Frente a esta situación el ministro de Salud Oscar Ugarte  pide una escuetas disculpas.
El asesor legal de Perú Libre declaro en Cuarto Poder que si se da un golpe de estado correrá sangre en el país.
Durante la marcha por la democracia, Rafael López Aliga sufrió un exabrupto donde pide muerte al comunismo, a Cerrón y Castillo.
El candidato presidencial sigue cambiando su discurso a medida que va avanzando las horas y días.
Vladimiro Montesinos continua dando de que hablar por los audio difundidos.

Por naturaleza y convicción, Willax Televisión es un medio de comunicación que promueve, alienta y defiende una prensa libre y democrática para el Perú. Transmite valores y cree que el periodismo puede ser un oficio responsable, independiente y entretenido. 
",105834,719,2913,0,willax|willaxtv|televisión|tv|television|peru|perú|vivo|canal|movistar|claro|best|cable|bestcable|hd|digital|video
ER8T0SRG-vQ,Willax Televisión,UCort3mldTtMErPqprSlSfng,2021-07-13,Combutters ,JUL 12,4/4 | MÉDICOS PIDEN VACUNA PFIZER | Willax,"Por naturaleza y convicción, Willax Televisión es un medio de comunicación que promueve, alienta y defiende una prensa libre y democrática para el Perú. Transmite valores y cree que el periodismo puede ser un oficio responsable, independiente y entretenido. 
",6390,19,217,0,willax|willaxtv|televisión|tv|television|peru|perú|vivo|canal|movistar|claro|best|cable|bestcable|hd|digital|video
FkQPm476Tr4,Willax Televisión,UCort3mldTtMErPqprSlSfng,2021-07-19,En vivo,JUL 19,Conferencia de prensa en defensa de la libertad de expresión | Willax Tv,"Sigue nuestra conferencia de prensa en defensa de la libertad de expresión, Willax Tv.",82700,1150,4091,0,
McRPpKQzx68,Willax Televisión,UCort3mldTtMErPqprSlSfng,2021-07-20,Milagros Leiva Entrevista,JUL 19,2/3 - #NOTENEMOSMIEDO | Willax,"Por naturaleza y convicción, Willax Televisión es un medio de comunicación que promueve, alienta y defiende una prensa libre y democrática para el Perú. Transmite valores y cree que el periodismo puede ser un oficio responsable, independiente y entretenido. ",21914,253,575,0,
wWd-rfjuJbo,Willax Televisión,UCort3mldTtMErPqprSlSfng,2021-12-15,Milagros Leiva Entrevista ,DIC 14,2/3 - ¿QUÉ PASÓ REALMENTE EN ESPAÑA? | Willax,"Entrevista al congresista de Fuerza Popular y presidente de la comisión de relaciones exteriores Ernesto Bustamante y al congresista de Acción Popular Wilson Soto.

Por naturaleza y convicción, Willax Televisión es un medio de comunicación que promueve, alienta y defiende una prensa libre y democrática para el Perú. Transmite valores y cree que el periodismo puede ser un oficio responsable, independiente y entretenido. 
",14758,77,371,0,willax|willaxtv|televisión|tv|television|peru|perú|vivo|canal|movistar|claro|best|cable|bestcable|hd|digital|video
ZSfe0DfoUv8,Willax Televisión,UCort3mldTtMErPqprSlSfng,2022-12-14,Combutters,DIC 13,2/2 EL VALOR DE BETO ORTIZ | Willax,"Parte 1: http://bit.ly/3uObSKl
Por naturaleza y convicción, Willax Televisión es un medio de comunicación que promueve, alienta y defiende una prensa libre y democrática para el Perú. Transmite valores y cree que el periodismo puede ser un oficio responsable, independiente y entretenido.",79597,149,1475,0,
LPThw6l7nhI,Willax Televisión,UCort3mldTtMErPqprSlSfng,2023-01-24,Combutters,ENE 23,"BETO ORTIZ: SI NO ME HUBIERA IDO A MÉXICO, ESTARÍA EN CANA | Willax","Por naturaleza y convicción, Willax Televisión es un medio de comunicación que promueve, alienta y defiende una prensa libre y democrática para el Perú. Transmite valores y cree que el periodismo puede ser un oficio responsable, independiente y entretenido. ",6642,8,124,0,